Gender,Married,Dependents,Education,Self_Employed,ApplicantIncome,CoapplicantIncome,LoanAmount,Loan_Amount_Term,Credit_History,Loan_Status,TotalIncome,EMI,BalanceIncome,Property_Area_Semiurban,Property_Area_Urban
1,0,0,1,0,5849,0.0,128.0,360.0,1.0,1,5849.0,0.35555555555555557,5493.444444444444,False,True
1,1,1,1,0,4583,1508.0,128.0,360.0,1.0,0,6091.0,0.35555555555555557,5735.444444444444,False,False
1,1,0,1,1,3000,0.0,66.0,360.0,1.0,1,3000.0,0.18333333333333332,2816.6666666666665,False,True
1,1,0,0,0,2583,2358.0,120.0,360.0,1.0,1,4941.0,0.3333333333333333,4607.666666666667,False,True
1,0,0,1,0,6000,0.0,141.0,360.0,1.0,1,6000.0,0.39166666666666666,5608.333333333333,False,True
1,1,2,1,1,5417,4196.0,267.0,360.0,1.0,1,9613.0,0.7416666666666667,8871.333333333334,False,True
1,1,0,0,0,2333,1516.0,95.0,360.0,1.0,1,3849.0,0.2638888888888889,3585.1111111111113,False,True
1,1,3,1,0,3036,2504.0,158.0,360.0,0.0,0,5540.0,0.4388888888888889,5101.111111111111,True,False
1,1,2,1,0,4006,1526.0,168.0,360.0,1.0,1,5532.0,0.4666666666666667,5065.333333333333,False,True
1,1,1,1,0,12841,10968.0,349.0,360.0,1.0,0,23809.0,0.9694444444444444,22839.555555555555,True,False
1,1,2,1,0,3200,700.0,70.0,360.0,1.0,1,3900.0,0.19444444444444445,3705.5555555555557,False,True
1,1,2,1,0,2500,1840.0,109.0,360.0,1.0,1,4340.0,0.30277777777777776,4037.222222222222,False,True
1,1,2,1,0,3073,8106.0,200.0,360.0,1.0,1,11179.0,0.5555555555555556,10623.444444444445,False,True
1,0,0,1,0,1853,2840.0,114.0,360.0,1.0,0,4693.0,0.31666666666666665,4376.333333333333,False,False
1,1,2,1,0,1299,1086.0,17.0,120.0,1.0,1,2385.0,0.14166666666666666,2243.3333333333335,False,True
1,0,0,1,0,4950,0.0,125.0,360.0,1.0,1,4950.0,0.3472222222222222,4602.777777777777,False,True
1,0,1,0,0,3596,0.0,100.0,240.0,1.0,1,3596.0,0.4166666666666667,3179.3333333333335,False,True
0,0,0,1,0,3510,0.0,76.0,360.0,0.0,0,3510.0,0.2111111111111111,3298.8888888888887,False,True
1,1,0,0,0,4887,0.0,133.0,360.0,1.0,0,4887.0,0.36944444444444446,4517.555555555556,False,False
1,1,0,1,0,2600,3500.0,115.0,360.0,1.0,1,6100.0,0.3194444444444444,5780.555555555556,False,True
1,1,0,0,0,7660,0.0,104.0,360.0,0.0,0,7660.0,0.28888888888888886,7371.111111111111,False,True
1,1,1,1,0,5955,5625.0,315.0,360.0,1.0,1,11580.0,0.875,10705.0,False,True
1,1,0,0,0,2600,1911.0,116.0,360.0,0.0,0,4511.0,0.32222222222222224,4188.777777777777,True,False
1,1,2,0,0,3365,1917.0,112.0,360.0,0.0,0,5282.0,0.3111111111111111,4970.888888888889,False,False
1,1,1,1,0,3717,2925.0,151.0,360.0,1.0,0,6642.0,0.41944444444444445,6222.555555555556,True,False
1,1,0,1,1,9560,0.0,191.0,360.0,1.0,1,9560.0,0.5305555555555556,9029.444444444445,True,False
1,1,0,1,0,2799,2253.0,122.0,360.0,1.0,1,5052.0,0.3388888888888889,4713.111111111111,True,False
1,1,2,0,0,4226,1040.0,110.0,360.0,1.0,1,5266.0,0.3055555555555556,4960.444444444444,False,True
1,0,0,0,0,1442,0.0,35.0,360.0,1.0,0,1442.0,0.09722222222222222,1344.7777777777778,False,True
0,0,2,1,0,3750,2083.0,120.0,360.0,1.0,1,5833.0,0.3333333333333333,5499.666666666667,True,False
1,1,1,1,0,4166,3369.0,201.0,360.0,1.0,0,7535.0,0.5583333333333333,6976.666666666667,False,True
1,0,0,1,0,3167,0.0,74.0,360.0,1.0,0,3167.0,0.20555555555555555,2961.4444444444443,False,True
1,0,1,1,1,4692,0.0,106.0,360.0,1.0,0,4692.0,0.29444444444444445,4397.555555555556,False,False
1,1,0,1,0,3500,1667.0,114.0,360.0,1.0,1,5167.0,0.31666666666666665,4850.333333333333,True,False
1,0,3,1,0,12500,3000.0,320.0,360.0,1.0,0,15500.0,0.8888888888888888,14611.111111111111,False,False
1,1,0,1,0,2275,2067.0,128.0,360.0,1.0,1,4342.0,0.35555555555555557,3986.4444444444443,False,True
1,1,0,1,0,1828,1330.0,100.0,360.0,0.0,0,3158.0,0.2777777777777778,2880.222222222222,False,True
0,1,0,1,0,3667,1459.0,144.0,360.0,1.0,1,5126.0,0.4,4726.0,True,False
1,0,0,1,0,4166,7210.0,184.0,360.0,1.0,1,11376.0,0.5111111111111111,10864.888888888889,False,True
1,0,0,0,0,3748,1668.0,110.0,360.0,1.0,1,5416.0,0.3055555555555556,5110.444444444444,True,False
1,0,0,1,0,3600,0.0,80.0,360.0,1.0,0,3600.0,0.2222222222222222,3377.777777777778,False,True
1,0,0,1,0,1800,1213.0,47.0,360.0,1.0,1,3013.0,0.13055555555555556,2882.4444444444443,False,True
1,1,0,1,0,2400,0.0,75.0,360.0,1.0,1,2400.0,0.20833333333333334,2191.6666666666665,False,True
1,1,0,1,0,3941,2336.0,134.0,360.0,1.0,1,6277.0,0.37222222222222223,5904.777777777777,True,False
1,1,0,0,1,4695,0.0,96.0,360.0,1.0,1,4695.0,0.26666666666666666,4428.333333333333,False,True
0,0,0,1,0,3410,0.0,88.0,360.0,1.0,1,3410.0,0.24444444444444444,3165.5555555555557,False,True
1,1,1,1,0,5649,0.0,44.0,360.0,1.0,1,5649.0,0.12222222222222222,5526.777777777777,False,True
1,1,0,1,0,5821,0.0,144.0,360.0,1.0,1,5821.0,0.4,5421.0,False,True
0,1,0,1,0,2645,3440.0,120.0,360.0,0.0,0,6085.0,0.3333333333333333,5751.666666666667,False,True
0,0,0,1,0,4000,2275.0,144.0,360.0,1.0,1,6275.0,0.4,5875.0,True,False
0,1,0,0,0,1928,1644.0,100.0,360.0,1.0,1,3572.0,0.2777777777777778,3294.222222222222,True,False
0,0,0,1,0,3086,0.0,120.0,360.0,1.0,1,3086.0,0.3333333333333333,2752.6666666666665,True,False
0,0,0,1,0,4230,0.0,112.0,360.0,1.0,0,4230.0,0.3111111111111111,3918.8888888888887,True,False
1,1,2,1,0,4616,0.0,134.0,360.0,1.0,0,4616.0,0.37222222222222223,4243.777777777777,False,True
0,1,1,1,1,11500,0.0,286.0,360.0,0.0,0,11500.0,0.7944444444444444,10705.555555555555,False,True
1,1,2,1,0,2708,1167.0,97.0,360.0,1.0,1,3875.0,0.26944444444444443,3605.5555555555557,True,False
1,1,0,1,0,2132,1591.0,96.0,360.0,1.0,1,3723.0,0.26666666666666666,3456.3333333333335,True,False
1,1,0,1,0,3366,2200.0,135.0,360.0,1.0,0,5566.0,0.375,5191.0,False,False
1,1,1,1,0,8080,2250.0,180.0,360.0,1.0,1,10330.0,0.5,9830.0,False,True
1,1,2,0,0,3357,2859.0,144.0,360.0,1.0,1,6216.0,0.4,5816.0,False,True
1,1,0,1,0,2500,3796.0,120.0,360.0,1.0,1,6296.0,0.3333333333333333,5962.666666666667,False,True
1,1,3,1,0,3029,0.0,99.0,360.0,1.0,1,3029.0,0.275,2754.0,False,True
1,1,0,0,1,2609,3449.0,165.0,180.0,0.0,0,6058.0,0.9166666666666666,5141.333333333333,False,False
1,1,1,1,0,4945,0.0,128.0,360.0,0.0,0,4945.0,0.35555555555555557,4589.444444444444,False,False
0,0,0,1,0,4166,0.0,116.0,360.0,0.0,0,4166.0,0.32222222222222224,3843.777777777778,True,False
1,1,0,1,0,5726,4595.0,258.0,360.0,1.0,0,10321.0,0.7166666666666667,9604.333333333334,True,False
1,0,0,0,0,3200,2254.0,126.0,180.0,0.0,0,5454.0,0.7,4754.0,False,True
1,1,1,1,0,10750,0.0,312.0,360.0,1.0,1,10750.0,0.8666666666666667,9883.333333333334,False,True
1,1,3,0,1,7100,0.0,125.0,60.0,1.0,1,7100.0,2.0833333333333335,5016.666666666666,False,True
0,0,0,1,0,4300,0.0,136.0,360.0,0.0,0,4300.0,0.37777777777777777,3922.222222222222,True,False
1,1,0,1,0,3208,3066.0,172.0,360.0,1.0,1,6274.0,0.4777777777777778,5796.222222222223,False,True
1,1,2,0,1,1875,1875.0,97.0,360.0,1.0,1,3750.0,0.26944444444444443,3480.5555555555557,True,False
1,0,0,1,0,3500,0.0,81.0,300.0,1.0,1,3500.0,0.27,3230.0,True,False
1,1,3,0,0,4755,0.0,95.0,360.0,0.0,0,4755.0,0.2638888888888889,4491.111111111111,True,False
1,1,3,1,1,5266,1774.0,187.0,360.0,1.0,1,7040.0,0.5194444444444445,6520.555555555556,True,False
1,0,0,1,0,3750,0.0,113.0,480.0,1.0,0,3750.0,0.23541666666666666,3514.5833333333335,False,True
1,0,0,1,0,3750,4750.0,176.0,360.0,1.0,0,8500.0,0.4888888888888889,8011.111111111111,False,True
1,1,1,1,1,1000,3022.0,110.0,360.0,1.0,0,4022.0,0.3055555555555556,3716.4444444444443,False,True
1,1,3,1,0,3167,4000.0,180.0,300.0,0.0,0,7167.0,0.6,6567.0,True,False
1,1,3,0,1,3333,2166.0,130.0,360.0,1.0,1,5499.0,0.3611111111111111,5137.888888888889,True,False
0,0,0,1,0,3846,0.0,111.0,360.0,1.0,1,3846.0,0.30833333333333335,3537.6666666666665,True,False
1,1,1,1,1,2395,0.0,128.0,360.0,1.0,1,2395.0,0.35555555555555557,2039.4444444444443,True,False
0,1,2,1,0,1378,1881.0,167.0,360.0,1.0,0,3259.0,0.4638888888888889,2795.1111111111113,False,True
1,1,0,1,0,6000,2250.0,265.0,360.0,1.0,0,8250.0,0.7361111111111112,7513.888888888889,True,False
1,1,1,1,0,3988,0.0,50.0,240.0,1.0,1,3988.0,0.20833333333333334,3779.6666666666665,False,True
1,0,0,1,0,2366,2531.0,136.0,360.0,1.0,1,4897.0,0.37777777777777777,4519.222222222223,True,False
1,1,2,0,0,3333,2000.0,99.0,360.0,1.0,1,5333.0,0.275,5058.0,True,False
1,1,0,1,0,2500,2118.0,104.0,360.0,1.0,1,4618.0,0.28888888888888886,4329.111111111111,True,False
1,0,0,1,0,8566,0.0,210.0,360.0,1.0,1,8566.0,0.5833333333333334,7982.666666666667,False,True
1,1,0,1,0,5695,4167.0,175.0,360.0,1.0,1,9862.0,0.4861111111111111,9375.888888888889,True,False
1,1,0,1,0,2958,2900.0,131.0,360.0,1.0,1,5858.0,0.3638888888888889,5494.111111111111,True,False
1,1,2,1,0,6250,5654.0,188.0,180.0,1.0,1,11904.0,1.0444444444444445,10859.555555555555,True,False
1,1,2,0,0,3273,1820.0,81.0,360.0,1.0,1,5093.0,0.225,4868.0,False,True
1,0,0,1,0,4133,0.0,122.0,360.0,1.0,1,4133.0,0.3388888888888889,3794.1111111111113,True,False
1,0,0,0,0,3620,0.0,25.0,120.0,1.0,1,3620.0,0.20833333333333334,3411.6666666666665,True,False
1,0,0,1,0,6782,0.0,128.0,360.0,1.0,0,6782.0,0.35555555555555557,6426.444444444444,False,True
0,1,0,1,0,2484,2302.0,137.0,360.0,1.0,1,4786.0,0.38055555555555554,4405.444444444444,True,False
1,1,0,1,0,1977,997.0,50.0,360.0,1.0,1,2974.0,0.1388888888888889,2835.1111111111113,True,False
1,1,0,0,0,4188,0.0,115.0,180.0,1.0,1,4188.0,0.6388888888888888,3549.1111111111113,True,False
1,1,0,1,0,1759,3541.0,131.0,360.0,1.0,1,5300.0,0.3638888888888889,4936.111111111111,True,False
1,1,2,0,0,4288,3263.0,133.0,180.0,1.0,1,7551.0,0.7388888888888889,6812.111111111111,False,True
1,0,0,1,0,4843,3806.0,151.0,360.0,1.0,1,8649.0,0.41944444444444445,8229.555555555555,True,False
1,1,0,1,0,13650,0.0,128.0,360.0,1.0,1,13650.0,0.35555555555555557,13294.444444444445,False,True
1,1,0,1,0,4652,3583.0,128.0,360.0,1.0,1,8235.0,0.35555555555555557,7879.444444444444,True,False
1,1,0,1,0,3816,754.0,160.0,360.0,1.0,1,4570.0,0.4444444444444444,4125.555555555556,False,True
1,1,1,1,0,3052,1030.0,100.0,360.0,1.0,1,4082.0,0.2777777777777778,3804.222222222222,False,True
1,1,2,1,0,11417,1126.0,225.0,360.0,1.0,1,12543.0,0.625,11918.0,False,True
1,0,0,0,0,7333,0.0,120.0,360.0,1.0,0,7333.0,0.3333333333333333,6999.666666666667,False,False
1,1,2,1,0,3800,3600.0,216.0,360.0,0.0,0,7400.0,0.6,6800.0,False,True
1,1,3,0,0,2071,754.0,94.0,480.0,1.0,1,2825.0,0.19583333333333333,2629.1666666666665,True,False
1,0,0,1,0,5316,0.0,136.0,360.0,1.0,1,5316.0,0.37777777777777777,4938.222222222223,False,True
0,1,0,1,0,2929,2333.0,139.0,360.0,1.0,1,5262.0,0.3861111111111111,4875.888888888889,True,False
1,1,0,0,0,3572,4114.0,152.0,360.0,0.0,0,7686.0,0.4222222222222222,7263.777777777777,False,False
0,0,1,1,1,7451,0.0,128.0,360.0,1.0,1,7451.0,0.35555555555555557,7095.444444444444,True,False
1,0,0,1,0,5050,0.0,118.0,360.0,1.0,1,5050.0,0.3277777777777778,4722.222222222223,True,False
1,1,1,1,0,14583,0.0,185.0,180.0,1.0,1,14583.0,1.0277777777777777,13555.222222222223,False,False
0,1,0,1,0,3167,2283.0,154.0,360.0,1.0,1,5450.0,0.42777777777777776,5022.222222222223,True,False
1,1,1,1,0,2214,1398.0,85.0,360.0,1.0,1,3612.0,0.2361111111111111,3375.8888888888887,False,True
1,1,0,1,0,5568,2142.0,175.0,360.0,1.0,0,7710.0,0.4861111111111111,7223.888888888889,False,False
0,0,0,1,0,10408,0.0,259.0,360.0,1.0,1,10408.0,0.7194444444444444,9688.555555555555,False,True
1,1,0,1,0,5667,2667.0,180.0,360.0,1.0,1,8334.0,0.5,7834.0,False,False
0,0,0,1,0,4166,0.0,44.0,360.0,1.0,1,4166.0,0.12222222222222222,4043.777777777778,True,False
0,0,0,1,0,2137,8980.0,137.0,360.0,0.0,1,11117.0,0.38055555555555554,10736.444444444445,True,False
1,1,2,1,0,2957,0.0,81.0,360.0,1.0,1,2957.0,0.225,2732.0,True,False
1,1,0,0,0,4300,2014.0,194.0,360.0,1.0,1,6314.0,0.5388888888888889,5775.111111111111,False,False
0,0,0,1,0,3692,0.0,93.0,360.0,1.0,1,3692.0,0.25833333333333336,3433.6666666666665,False,False
1,1,3,1,0,23803,0.0,370.0,360.0,1.0,1,23803.0,1.0277777777777777,22775.222222222223,False,False
1,0,0,1,0,3865,1640.0,128.0,360.0,1.0,1,5505.0,0.35555555555555557,5149.444444444444,False,False
1,1,1,1,1,10513,3850.0,160.0,180.0,0.0,0,14363.0,0.8888888888888888,13474.111111111111,False,True
1,1,0,1,0,6080,2569.0,182.0,360.0,1.0,0,8649.0,0.5055555555555555,8143.444444444444,False,False
1,0,0,1,1,20166,0.0,650.0,480.0,1.0,1,20166.0,1.3541666666666667,18811.833333333332,False,True
1,0,0,1,0,2014,1929.0,74.0,360.0,1.0,1,3943.0,0.20555555555555555,3737.4444444444443,False,True
1,0,0,1,0,2718,0.0,70.0,360.0,1.0,1,2718.0,0.19444444444444445,2523.5555555555557,True,False
1,1,0,1,1,3459,0.0,25.0,120.0,1.0,1,3459.0,0.20833333333333334,3250.6666666666665,True,False
1,0,0,1,0,4895,0.0,102.0,360.0,1.0,1,4895.0,0.2833333333333333,4611.666666666667,True,False
1,1,3,1,0,4000,7750.0,290.0,360.0,1.0,0,11750.0,0.8055555555555556,10944.444444444445,True,False
0,1,0,1,0,4583,0.0,84.0,360.0,1.0,0,4583.0,0.23333333333333334,4349.666666666667,False,False
1,1,2,1,1,3316,3500.0,88.0,360.0,1.0,1,6816.0,0.24444444444444444,6571.555555555556,False,True
1,0,0,1,0,14999,0.0,242.0,360.0,0.0,0,14999.0,0.6722222222222223,14326.777777777777,True,False
1,1,2,0,0,4200,1430.0,129.0,360.0,1.0,0,5630.0,0.35833333333333334,5271.666666666667,False,False
1,1,2,1,0,5042,2083.0,185.0,360.0,1.0,0,7125.0,0.5138888888888888,6611.111111111111,False,False
1,0,0,1,0,5417,0.0,168.0,360.0,1.0,1,5417.0,0.4666666666666667,4950.333333333333,False,True
1,0,0,1,1,6950,0.0,175.0,180.0,1.0,1,6950.0,0.9722222222222222,5977.777777777777,True,False
1,1,0,1,0,2698,2034.0,122.0,360.0,1.0,1,4732.0,0.3388888888888889,4393.111111111111,True,False
1,1,2,1,0,11757,0.0,187.0,180.0,1.0,1,11757.0,1.038888888888889,10718.111111111111,False,True
0,1,0,1,0,2330,4486.0,100.0,360.0,1.0,1,6816.0,0.2777777777777778,6538.222222222223,True,False
0,1,2,1,0,14866,0.0,70.0,360.0,1.0,1,14866.0,0.19444444444444445,14671.555555555555,False,True
1,1,1,1,0,1538,1425.0,30.0,360.0,1.0,1,2963.0,0.08333333333333333,2879.6666666666665,False,True
0,0,0,1,0,10000,1666.0,225.0,360.0,1.0,0,11666.0,0.625,11041.0,False,False
1,1,0,1,0,4860,830.0,125.0,360.0,1.0,1,5690.0,0.3472222222222222,5342.777777777777,True,False
1,0,0,1,0,6277,0.0,118.0,360.0,0.0,0,6277.0,0.3277777777777778,5949.222222222223,False,False
1,1,0,1,1,2577,3750.0,152.0,360.0,1.0,1,6327.0,0.4222222222222222,5904.777777777777,False,False
1,0,0,1,0,9166,0.0,244.0,360.0,1.0,0,9166.0,0.6777777777777778,8488.222222222223,False,True
1,1,2,0,0,2281,0.0,113.0,360.0,1.0,0,2281.0,0.3138888888888889,1967.111111111111,False,False
1,0,0,1,0,3254,0.0,50.0,360.0,1.0,1,3254.0,0.1388888888888889,3115.1111111111113,False,True
1,1,3,1,0,39999,0.0,600.0,180.0,0.0,1,39999.0,3.3333333333333335,36665.666666666664,True,False
1,1,1,1,0,6000,0.0,160.0,360.0,1.0,1,6000.0,0.4444444444444444,5555.555555555556,False,False
1,1,1,1,0,9538,0.0,187.0,360.0,1.0,1,9538.0,0.5194444444444445,9018.555555555555,False,True
1,0,0,1,0,2980,2083.0,120.0,360.0,1.0,1,5063.0,0.3333333333333333,4729.666666666667,False,False
1,1,0,1,0,4583,5625.0,255.0,360.0,1.0,1,10208.0,0.7083333333333334,9499.666666666666,True,False
1,1,0,0,0,1863,1041.0,98.0,360.0,1.0,1,2904.0,0.2722222222222222,2631.777777777778,True,False
1,1,0,1,0,7933,0.0,275.0,360.0,1.0,0,7933.0,0.7638888888888888,7169.111111111111,False,True
1,1,1,1,0,3089,1280.0,121.0,360.0,0.0,0,4369.0,0.33611111111111114,4032.8888888888887,True,False
1,1,2,1,0,4167,1447.0,158.0,360.0,1.0,1,5614.0,0.4388888888888889,5175.111111111111,False,False
1,1,0,1,0,9323,0.0,75.0,180.0,1.0,1,9323.0,0.4166666666666667,8906.333333333334,False,True
1,1,0,1,0,3707,3166.0,182.0,360.0,1.0,1,6873.0,0.5055555555555555,6367.444444444444,False,False
0,1,0,1,0,4583,0.0,112.0,360.0,1.0,0,4583.0,0.3111111111111111,4271.888888888889,False,False
1,1,0,1,0,2439,3333.0,129.0,360.0,1.0,1,5772.0,0.35833333333333334,5413.666666666667,False,False
1,0,0,1,0,2237,0.0,63.0,480.0,0.0,0,2237.0,0.13125,2105.75,True,False
1,1,2,1,0,8000,0.0,200.0,360.0,1.0,1,8000.0,0.5555555555555556,7444.444444444444,True,False
1,1,0,0,0,1820,1769.0,95.0,360.0,1.0,1,3589.0,0.2638888888888889,3325.1111111111113,False,False
1,1,3,1,0,51763,0.0,700.0,300.0,1.0,1,51763.0,2.3333333333333335,49429.666666666664,False,True
1,1,3,0,0,3522,0.0,81.0,180.0,1.0,0,3522.0,0.45,3072.0,False,False
1,1,0,1,0,5708,5625.0,187.0,360.0,1.0,1,11333.0,0.5194444444444445,10813.555555555555,True,False
1,1,0,0,1,4344,736.0,87.0,360.0,1.0,0,5080.0,0.24166666666666667,4838.333333333333,True,False
1,1,0,1,0,3497,1964.0,116.0,360.0,1.0,1,5461.0,0.32222222222222224,5138.777777777777,False,False
1,1,2,1,0,2045,1619.0,101.0,360.0,1.0,1,3664.0,0.28055555555555556,3383.4444444444443,False,False
1,1,3,1,0,5516,11300.0,495.0,360.0,0.0,0,16816.0,1.375,15441.0,True,False
1,1,1,1,0,3750,0.0,116.0,360.0,1.0,1,3750.0,0.32222222222222224,3427.777777777778,True,False
1,0,0,0,0,2333,1451.0,102.0,480.0,0.0,0,3784.0,0.2125,3571.5,False,True
1,1,1,1,0,6400,7250.0,180.0,360.0,0.0,0,13650.0,0.5,13150.0,False,True
1,0,0,1,0,1916,5063.0,67.0,360.0,1.0,0,6979.0,0.18611111111111112,6792.888888888889,False,False
1,1,0,1,0,4600,0.0,73.0,180.0,1.0,1,4600.0,0.40555555555555556,4194.444444444444,True,False
1,1,1,1,0,33846,0.0,260.0,360.0,1.0,0,33846.0,0.7222222222222222,33123.77777777778,True,False
0,1,0,1,0,3625,0.0,108.0,360.0,1.0,1,3625.0,0.3,3325.0,True,False
1,1,0,1,1,39147,4750.0,120.0,360.0,1.0,1,43897.0,0.3333333333333333,43563.666666666664,True,False
1,1,1,1,1,2178,0.0,66.0,300.0,0.0,0,2178.0,0.22,1958.0,False,False
1,1,0,1,0,2383,2138.0,58.0,360.0,1.0,1,4521.0,0.16111111111111112,4359.888888888889,False,False
1,1,0,1,1,674,5296.0,168.0,360.0,1.0,1,5970.0,0.4666666666666667,5503.333333333333,False,False
1,1,0,1,0,9328,0.0,188.0,180.0,1.0,1,9328.0,1.0444444444444445,8283.555555555555,False,False
1,0,0,0,0,4885,0.0,48.0,360.0,1.0,1,4885.0,0.13333333333333333,4751.666666666667,False,False
1,0,0,1,0,12000,0.0,164.0,360.0,1.0,0,12000.0,0.45555555555555555,11544.444444444445,True,False
1,1,0,0,0,6033,0.0,160.0,360.0,1.0,0,6033.0,0.4444444444444444,5588.555555555556,False,True
1,0,0,1,0,3858,0.0,76.0,360.0,1.0,1,3858.0,0.2111111111111111,3646.8888888888887,True,False
1,0,0,1,0,4191,0.0,120.0,360.0,1.0,1,4191.0,0.3333333333333333,3857.6666666666665,False,False
1,1,1,1,0,3125,2583.0,170.0,360.0,1.0,0,5708.0,0.4722222222222222,5235.777777777777,True,False
1,0,0,1,0,8333,3750.0,187.0,360.0,1.0,1,12083.0,0.5194444444444445,11563.555555555555,False,False
0,0,0,0,0,1907,2365.0,120.0,360.0,1.0,1,4272.0,0.3333333333333333,3938.6666666666665,False,True
0,1,0,1,0,3416,2816.0,113.0,360.0,1.0,1,6232.0,0.3138888888888889,5918.111111111111,True,False
1,0,0,1,1,11000,0.0,83.0,360.0,1.0,0,11000.0,0.23055555555555557,10769.444444444445,False,True
1,1,1,0,0,2600,2500.0,90.0,360.0,1.0,1,5100.0,0.25,4850.0,True,False
1,0,2,1,0,4923,0.0,166.0,360.0,0.0,1,4923.0,0.46111111111111114,4461.888888888889,True,False
1,1,3,0,0,3992,0.0,128.0,180.0,1.0,0,3992.0,0.7111111111111111,3280.8888888888887,False,True
1,1,1,0,0,3500,1083.0,135.0,360.0,1.0,1,4583.0,0.375,4208.0,False,True
1,1,2,0,0,3917,0.0,124.0,360.0,1.0,1,3917.0,0.34444444444444444,3572.5555555555557,True,False
0,0,0,0,0,4408,0.0,120.0,360.0,1.0,1,4408.0,0.3333333333333333,4074.6666666666665,True,False
0,0,0,1,0,3244,0.0,80.0,360.0,1.0,1,3244.0,0.2222222222222222,3021.777777777778,False,True
1,0,0,0,0,3975,2531.0,55.0,360.0,1.0,1,6506.0,0.1527777777777778,6353.222222222223,False,False
1,0,0,1,0,2479,0.0,59.0,360.0,1.0,1,2479.0,0.1638888888888889,2315.1111111111113,False,True
1,0,0,1,0,3418,0.0,127.0,360.0,1.0,0,3418.0,0.3527777777777778,3065.222222222222,True,False
0,0,0,1,0,10000,0.0,214.0,360.0,1.0,0,10000.0,0.5944444444444444,9405.555555555555,True,False
1,1,3,1,0,3430,1250.0,128.0,360.0,0.0,0,4680.0,0.35555555555555557,4324.444444444444,True,False
1,1,1,1,1,7787,0.0,240.0,360.0,1.0,1,7787.0,0.6666666666666666,7120.333333333333,False,True
1,1,3,0,1,5703,0.0,130.0,360.0,1.0,1,5703.0,0.3611111111111111,5341.888888888889,False,False
1,1,0,1,0,3173,3021.0,137.0,360.0,1.0,1,6194.0,0.38055555555555554,5813.444444444444,False,True
1,1,3,0,0,3850,983.0,100.0,360.0,1.0,1,4833.0,0.2777777777777778,4555.222222222223,True,False
1,1,0,1,0,150,1800.0,135.0,360.0,1.0,0,1950.0,0.375,1575.0,False,False
1,1,0,1,0,3727,1775.0,131.0,360.0,1.0,1,5502.0,0.3638888888888889,5138.111111111111,True,False
1,1,2,1,0,5000,0.0,72.0,360.0,0.0,0,5000.0,0.2,4800.0,True,False
0,1,2,1,0,4283,2383.0,127.0,360.0,1.0,1,6666.0,0.3527777777777778,6313.222222222223,True,False
1,1,0,1,0,2221,0.0,60.0,360.0,0.0,0,2221.0,0.16666666666666666,2054.3333333333335,False,True
1,1,2,1,0,4009,1717.0,116.0,360.0,1.0,1,5726.0,0.32222222222222224,5403.777777777777,True,False
1,0,0,1,0,2971,2791.0,144.0,360.0,1.0,1,5762.0,0.4,5362.0,True,False
1,1,0,1,0,7578,1010.0,175.0,360.0,1.0,1,8588.0,0.4861111111111111,8101.888888888889,True,False
1,1,0,1,0,6250,0.0,128.0,360.0,1.0,1,6250.0,0.35555555555555557,5894.444444444444,True,False
1,1,0,1,0,3250,0.0,170.0,360.0,1.0,0,3250.0,0.4722222222222222,2777.777777777778,False,False
1,1,0,0,1,4735,0.0,138.0,360.0,1.0,0,4735.0,0.38333333333333336,4351.666666666667,False,True
1,1,2,1,0,6250,1695.0,210.0,360.0,1.0,1,7945.0,0.5833333333333334,7361.666666666667,True,False
1,1,0,1,0,4758,0.0,158.0,480.0,1.0,1,4758.0,0.32916666666666666,4428.833333333333,True,False
1,0,0,1,1,6400,0.0,200.0,360.0,1.0,1,6400.0,0.5555555555555556,5844.444444444444,False,False
1,1,1,1,0,2491,2054.0,104.0,360.0,1.0,1,4545.0,0.28888888888888886,4256.111111111111,True,False
1,1,0,1,0,3716,0.0,42.0,180.0,1.0,1,3716.0,0.23333333333333334,3482.6666666666665,False,False
1,0,0,0,0,3189,2598.0,120.0,360.0,1.0,1,5787.0,0.3333333333333333,5453.666666666667,False,False
0,0,0,1,0,8333,0.0,280.0,360.0,1.0,1,8333.0,0.7777777777777778,7555.222222222223,True,False
1,1,1,1,0,3155,1779.0,140.0,360.0,1.0,1,4934.0,0.3888888888888889,4545.111111111111,True,False
1,1,1,1,0,5500,1260.0,170.0,360.0,1.0,1,6760.0,0.4722222222222222,6287.777777777777,False,False
1,1,0,1,0,5746,0.0,255.0,360.0,1.0,0,5746.0,0.7083333333333334,5037.666666666667,False,True
0,0,0,1,1,3463,0.0,122.0,360.0,1.0,1,3463.0,0.3388888888888889,3124.1111111111113,False,True
0,0,1,1,0,3812,0.0,112.0,360.0,1.0,1,3812.0,0.3111111111111111,3500.8888888888887,False,False
1,1,1,1,0,3315,0.0,96.0,360.0,1.0,1,3315.0,0.26666666666666666,3048.3333333333335,True,False
1,1,2,1,0,5819,5000.0,120.0,360.0,1.0,1,10819.0,0.3333333333333333,10485.666666666666,False,False
1,1,1,0,0,2510,1983.0,140.0,180.0,1.0,0,4493.0,0.7777777777777778,3715.222222222222,False,True
1,0,0,1,0,2965,5701.0,155.0,60.0,1.0,1,8666.0,2.5833333333333335,6082.666666666666,False,True
1,1,2,1,1,6250,1300.0,108.0,360.0,1.0,1,7550.0,0.3,7250.0,False,False
1,1,0,0,0,3406,4417.0,123.0,360.0,1.0,1,7823.0,0.3416666666666667,7481.333333333333,True,False
1,0,0,1,1,6050,4333.0,120.0,180.0,1.0,0,10383.0,0.6666666666666666,9716.333333333334,False,True
1,1,2,1,0,9703,0.0,112.0,360.0,1.0,1,9703.0,0.3111111111111111,9391.888888888889,False,True
1,1,1,0,0,6608,0.0,137.0,180.0,1.0,1,6608.0,0.7611111111111111,5846.888888888889,False,True
1,1,1,1,0,2882,1843.0,123.0,480.0,1.0,1,4725.0,0.25625,4468.75,True,False
1,1,0,1,0,1809,1868.0,90.0,360.0,1.0,1,3677.0,0.25,3427.0,False,True
1,1,0,0,0,1668,3890.0,201.0,360.0,0.0,0,5558.0,0.5583333333333333,4999.666666666667,True,False
0,0,2,1,0,3427,0.0,138.0,360.0,1.0,0,3427.0,0.38333333333333336,3043.6666666666665,False,True
1,0,0,0,1,2583,2167.0,104.0,360.0,1.0,1,4750.0,0.28888888888888886,4461.111111111111,False,False
1,1,1,0,0,2661,7101.0,279.0,180.0,1.0,1,9762.0,1.55,8212.0,True,False
1,0,0,1,1,16250,0.0,192.0,360.0,0.0,0,16250.0,0.5333333333333333,15716.666666666666,False,True
0,0,3,1,0,3083,0.0,255.0,360.0,1.0,1,3083.0,0.7083333333333334,2374.6666666666665,False,False
1,0,0,0,0,6045,0.0,115.0,360.0,0.0,0,6045.0,0.3194444444444444,5725.555555555556,False,False
1,1,3,1,0,5250,0.0,94.0,360.0,1.0,0,5250.0,0.2611111111111111,4988.888888888889,False,True
1,1,0,1,0,14683,2100.0,304.0,360.0,1.0,0,16783.0,0.8444444444444444,15938.555555555555,False,False
1,1,3,0,0,4931,0.0,128.0,360.0,1.0,0,4931.0,0.35555555555555557,4575.444444444444,True,False
1,1,1,1,0,6083,4250.0,330.0,360.0,1.0,1,10333.0,0.9166666666666666,9416.333333333334,False,True
1,0,0,1,0,2060,2209.0,134.0,360.0,1.0,1,4269.0,0.37222222222222223,3896.777777777778,True,False
0,0,1,1,0,3481,0.0,155.0,36.0,1.0,0,3481.0,4.305555555555555,-824.5555555555557,True,False
0,0,0,1,0,7200,0.0,120.0,360.0,1.0,1,7200.0,0.3333333333333333,6866.666666666667,False,False
1,0,0,1,1,5166,0.0,128.0,360.0,1.0,1,5166.0,0.35555555555555557,4810.444444444444,True,False
1,0,0,1,0,4095,3447.0,151.0,360.0,1.0,1,7542.0,0.41944444444444445,7122.555555555556,False,False
1,1,2,1,0,4708,1387.0,150.0,360.0,1.0,1,6095.0,0.4166666666666667,5678.333333333333,True,False
1,1,3,1,0,4333,1811.0,160.0,360.0,0.0,1,6144.0,0.4444444444444444,5699.555555555556,False,True
0,0,0,1,0,3418,0.0,135.0,360.0,1.0,0,3418.0,0.375,3043.0,False,False
0,0,1,1,0,2876,1560.0,90.0,360.0,1.0,1,4436.0,0.25,4186.0,False,True
0,0,0,1,0,3237,0.0,30.0,360.0,1.0,1,3237.0,0.08333333333333333,3153.6666666666665,False,True
1,1,0,1,0,11146,0.0,136.0,360.0,1.0,1,11146.0,0.37777777777777777,10768.222222222223,False,True
1,0,0,1,0,2833,1857.0,126.0,360.0,1.0,1,4690.0,0.35,4340.0,False,False
1,1,0,1,0,2620,2223.0,150.0,360.0,1.0,1,4843.0,0.4166666666666667,4426.333333333333,True,False
1,1,2,1,0,3900,0.0,90.0,360.0,1.0,1,3900.0,0.25,3650.0,True,False
1,1,1,1,0,2750,1842.0,115.0,360.0,1.0,1,4592.0,0.3194444444444444,4272.555555555556,True,False
1,1,0,1,0,3993,3274.0,207.0,360.0,1.0,1,7267.0,0.575,6692.0,True,False
1,1,0,1,0,3103,1300.0,80.0,360.0,1.0,1,4403.0,0.2222222222222222,4180.777777777777,False,True
1,1,0,1,0,14583,0.0,436.0,360.0,1.0,1,14583.0,1.211111111111111,13371.888888888889,True,False
0,1,0,0,0,4100,0.0,124.0,360.0,1.0,1,4100.0,0.34444444444444444,3755.5555555555557,False,False
1,0,1,0,1,4053,2426.0,158.0,360.0,0.0,0,6479.0,0.4388888888888889,6040.111111111111,False,True
1,1,0,1,0,3927,800.0,112.0,360.0,1.0,1,4727.0,0.3111111111111111,4415.888888888889,True,False
1,1,2,1,0,2301,985.7999878,78.0,180.0,1.0,1,3286.7999878,0.43333333333333335,2853.4666544666666,False,True
0,0,0,1,0,1811,1666.0,54.0,360.0,1.0,1,3477.0,0.15,3327.0,False,True
1,1,0,1,0,20667,0.0,128.0,360.0,1.0,0,20667.0,0.35555555555555557,20311.444444444445,False,False
1,0,0,1,0,3158,3053.0,89.0,360.0,1.0,1,6211.0,0.24722222222222223,5963.777777777777,False,False
0,0,0,1,1,2600,1717.0,99.0,300.0,1.0,0,4317.0,0.33,3987.0,True,False
1,1,0,1,0,3704,2000.0,120.0,360.0,1.0,1,5704.0,0.3333333333333333,5370.666666666667,False,False
0,0,0,1,0,4124,0.0,115.0,360.0,1.0,1,4124.0,0.3194444444444444,3804.5555555555557,True,False
1,0,0,1,0,9508,0.0,187.0,360.0,1.0,1,9508.0,0.5194444444444445,8988.555555555555,False,False
1,1,0,1,0,3075,2416.0,139.0,360.0,1.0,1,5491.0,0.3861111111111111,5104.888888888889,False,False
1,1,2,1,0,4400,0.0,127.0,360.0,0.0,0,4400.0,0.3527777777777778,4047.222222222222,True,False
1,1,2,1,0,3153,1560.0,134.0,360.0,1.0,1,4713.0,0.37222222222222223,4340.777777777777,False,True
0,0,0,1,0,5417,0.0,143.0,480.0,0.0,0,5417.0,0.29791666666666666,5119.083333333333,False,True
1,1,0,1,0,2383,3334.0,172.0,360.0,1.0,1,5717.0,0.4777777777777778,5239.222222222223,True,False
1,1,3,1,0,4416,1250.0,110.0,360.0,1.0,1,5666.0,0.3055555555555556,5360.444444444444,False,True
1,1,1,1,0,6875,0.0,200.0,360.0,1.0,1,6875.0,0.5555555555555556,6319.444444444444,True,False
0,1,1,1,0,4666,0.0,135.0,360.0,1.0,1,4666.0,0.375,4291.0,False,True
0,0,0,1,0,5000,2541.0,151.0,480.0,1.0,0,7541.0,0.3145833333333333,7226.416666666667,False,False
1,1,1,1,0,2014,2925.0,113.0,360.0,1.0,0,4939.0,0.3138888888888889,4625.111111111111,False,True
1,1,0,0,0,1800,2934.0,93.0,360.0,0.0,0,4734.0,0.25833333333333336,4475.666666666667,False,True
1,1,0,0,0,2875,1750.0,105.0,360.0,1.0,1,4625.0,0.2916666666666667,4333.333333333333,True,False
0,0,0,1,0,5000,0.0,132.0,360.0,1.0,1,5000.0,0.36666666666666664,4633.333333333333,False,False
1,1,1,1,0,1625,1803.0,96.0,360.0,1.0,1,3428.0,0.26666666666666666,3161.3333333333335,False,True
1,0,0,1,0,4000,2500.0,140.0,360.0,1.0,1,6500.0,0.3888888888888889,6111.111111111111,False,False
1,0,0,0,0,2000,0.0,128.0,360.0,1.0,0,2000.0,0.35555555555555557,1644.4444444444443,False,True
0,0,0,1,0,3762,1666.0,135.0,360.0,1.0,1,5428.0,0.375,5053.0,False,False
0,0,0,1,0,2400,1863.0,104.0,360.0,0.0,0,4263.0,0.28888888888888886,3974.1111111111113,False,True
1,0,0,1,0,20233,0.0,480.0,360.0,1.0,0,20233.0,1.3333333333333333,18899.666666666668,False,False
1,1,2,0,0,7667,0.0,185.0,360.0,1.0,1,7667.0,0.5138888888888888,7153.111111111111,False,False
0,0,0,1,0,2917,0.0,84.0,360.0,1.0,1,2917.0,0.23333333333333334,2683.6666666666665,True,False
1,0,0,0,0,2927,2405.0,111.0,360.0,1.0,1,5332.0,0.30833333333333335,5023.666666666667,True,False
0,0,0,1,0,2507,0.0,56.0,360.0,1.0,1,2507.0,0.15555555555555556,2351.4444444444443,False,False
1,1,2,1,1,5746,0.0,144.0,84.0,1.0,1,5746.0,1.7142857142857142,4031.714285714286,False,False
1,1,0,1,0,2473,1843.0,159.0,360.0,1.0,0,4316.0,0.44166666666666665,3874.3333333333335,False,False
1,1,1,0,0,3399,1640.0,111.0,180.0,1.0,1,5039.0,0.6166666666666667,4422.333333333333,False,True
1,1,2,1,0,3717,0.0,120.0,360.0,1.0,1,3717.0,0.3333333333333333,3383.6666666666665,True,False
1,1,0,1,0,2058,2134.0,88.0,360.0,1.0,1,4192.0,0.24444444444444444,3947.5555555555557,False,True
0,0,1,1,0,3541,0.0,112.0,360.0,1.0,1,3541.0,0.3111111111111111,3229.8888888888887,True,False
1,1,1,1,1,10000,0.0,155.0,360.0,1.0,0,10000.0,0.4305555555555556,9569.444444444445,False,False
1,1,0,1,0,2400,2167.0,115.0,360.0,1.0,1,4567.0,0.3194444444444444,4247.555555555556,True,False
1,1,3,1,0,4342,189.0,124.0,360.0,1.0,1,4531.0,0.34444444444444444,4186.555555555556,True,False
1,1,2,0,0,3601,1590.0,128.0,360.0,1.0,1,5191.0,0.35555555555555557,4835.444444444444,False,False
0,0,0,1,0,3166,2985.0,132.0,360.0,1.0,1,6151.0,0.36666666666666664,5784.333333333333,False,False
1,1,3,1,0,15000,0.0,300.0,360.0,1.0,1,15000.0,0.8333333333333334,14166.666666666666,False,False
1,1,1,1,1,8666,4983.0,376.0,360.0,0.0,0,13649.0,1.0444444444444445,12604.555555555555,False,False
1,0,0,1,0,4917,0.0,130.0,360.0,0.0,1,4917.0,0.3611111111111111,4555.888888888889,False,False
1,1,0,1,1,5818,2160.0,184.0,360.0,1.0,1,7978.0,0.5111111111111111,7466.888888888889,True,False
0,1,0,1,0,4333,2451.0,110.0,360.0,1.0,0,6784.0,0.3055555555555556,6478.444444444444,False,True
0,0,0,1,0,2500,0.0,67.0,360.0,1.0,1,2500.0,0.18611111111111112,2313.8888888888887,False,True
1,0,1,1,0,4384,1793.0,117.0,360.0,1.0,1,6177.0,0.325,5852.0,False,True
1,0,0,1,0,2935,0.0,98.0,360.0,1.0,1,2935.0,0.2722222222222222,2662.777777777778,True,False
1,0,0,1,0,2833,0.0,71.0,360.0,1.0,1,2833.0,0.19722222222222222,2635.777777777778,False,True
1,1,0,1,0,63337,0.0,490.0,180.0,1.0,1,63337.0,2.7222222222222223,60614.77777777778,False,True
1,1,1,1,1,9833,1833.0,182.0,180.0,1.0,1,11666.0,1.011111111111111,10654.888888888889,False,True
1,1,0,1,1,5503,4490.0,70.0,360.0,1.0,1,9993.0,0.19444444444444445,9798.555555555555,True,False
1,1,1,1,0,5250,688.0,160.0,360.0,1.0,1,5938.0,0.4444444444444444,5493.555555555556,False,False
1,1,2,1,1,2500,4600.0,176.0,360.0,1.0,1,7100.0,0.4888888888888889,6611.111111111111,False,False
0,0,3,0,0,1830,0.0,128.0,360.0,0.0,0,1830.0,0.35555555555555557,1474.4444444444443,False,True
0,0,0,1,0,4160,0.0,71.0,360.0,1.0,1,4160.0,0.19722222222222222,3962.777777777778,True,False
1,1,3,0,0,2647,1587.0,173.0,360.0,1.0,0,4234.0,0.48055555555555557,3753.4444444444443,False,False
0,0,0,1,0,2378,0.0,46.0,360.0,1.0,0,2378.0,0.12777777777777777,2250.222222222222,False,False
1,1,1,0,0,4554,1229.0,158.0,360.0,1.0,1,5783.0,0.4388888888888889,5344.111111111111,False,True
1,1,3,0,0,3173,0.0,74.0,360.0,1.0,1,3173.0,0.20555555555555555,2967.4444444444443,True,False
1,1,2,1,0,2583,2330.0,125.0,360.0,1.0,1,4913.0,0.3472222222222222,4565.777777777777,False,False
1,1,0,1,0,2499,2458.0,160.0,360.0,1.0,1,4957.0,0.4444444444444444,4512.555555555556,True,False
1,1,0,0,0,3523,3230.0,152.0,360.0,0.0,0,6753.0,0.4222222222222222,6330.777777777777,False,False
1,1,2,0,0,3083,2168.0,126.0,360.0,1.0,1,5251.0,0.35,4901.0,False,True
1,1,0,1,0,6333,4583.0,259.0,360.0,1.0,1,10916.0,0.7194444444444444,10196.555555555555,True,False
1,1,0,1,0,2625,6250.0,187.0,360.0,1.0,1,8875.0,0.5194444444444445,8355.555555555555,False,False
1,1,0,1,0,9083,0.0,228.0,360.0,1.0,1,9083.0,0.6333333333333333,8449.666666666666,True,False
1,0,0,1,0,8750,4167.0,308.0,360.0,1.0,0,12917.0,0.8555555555555555,12061.444444444445,False,False
1,1,3,1,0,2666,2083.0,95.0,360.0,1.0,1,4749.0,0.2638888888888889,4485.111111111111,False,False
0,1,0,1,1,5500,0.0,105.0,360.0,0.0,0,5500.0,0.2916666666666667,5208.333333333333,False,False
0,1,0,1,0,2423,505.0,130.0,360.0,1.0,1,2928.0,0.3611111111111111,2566.8888888888887,True,False
0,0,0,1,0,3813,0.0,116.0,180.0,1.0,1,3813.0,0.6444444444444445,3168.5555555555557,False,True
1,1,2,1,0,8333,3167.0,165.0,360.0,1.0,1,11500.0,0.4583333333333333,11041.666666666666,False,False
1,1,1,1,0,3875,0.0,67.0,360.0,1.0,0,3875.0,0.18611111111111112,3688.8888888888887,False,True
1,1,0,0,0,3000,1666.0,100.0,480.0,0.0,0,4666.0,0.20833333333333334,4457.666666666667,False,True
1,1,3,1,0,5167,3167.0,200.0,360.0,1.0,1,8334.0,0.5555555555555556,7778.444444444444,True,False
0,0,1,1,0,4723,0.0,81.0,360.0,1.0,0,4723.0,0.225,4498.0,True,False
1,1,2,1,0,5000,3667.0,236.0,360.0,1.0,1,8667.0,0.6555555555555556,8011.444444444444,True,False
1,1,0,1,0,4750,2333.0,130.0,360.0,1.0,1,7083.0,0.3611111111111111,6721.888888888889,False,True
1,1,0,1,0,3013,3033.0,95.0,300.0,1.0,1,6046.0,0.31666666666666665,5729.333333333333,False,True
1,0,0,1,1,6822,0.0,141.0,360.0,1.0,1,6822.0,0.39166666666666666,6430.333333333333,False,False
1,0,0,0,0,6216,0.0,133.0,360.0,1.0,0,6216.0,0.36944444444444446,5846.555555555556,False,False
1,0,0,1,0,2500,0.0,96.0,480.0,1.0,0,2500.0,0.2,2300.0,True,False
1,0,0,1,0,5124,0.0,124.0,360.0,0.0,0,5124.0,0.34444444444444444,4779.555555555556,False,False
1,1,1,1,0,6325,0.0,175.0,360.0,1.0,1,6325.0,0.4861111111111111,5838.888888888889,True,False
1,1,0,1,0,19730,5266.0,570.0,360.0,1.0,0,24996.0,1.5833333333333333,23412.666666666668,False,False
0,0,0,1,1,15759,0.0,55.0,360.0,1.0,1,15759.0,0.1527777777777778,15606.222222222223,True,False
1,1,2,1,0,5185,0.0,155.0,360.0,1.0,1,5185.0,0.4305555555555556,4754.444444444444,True,False
1,1,2,1,1,9323,7873.0,380.0,300.0,1.0,1,17196.0,1.2666666666666666,15929.333333333334,False,False
1,0,1,1,0,3062,1987.0,111.0,180.0,0.0,0,5049.0,0.6166666666666667,4432.333333333333,False,True
0,0,0,1,0,2764,1459.0,110.0,360.0,1.0,1,4223.0,0.3055555555555556,3917.4444444444443,False,True
1,1,0,1,0,4817,923.0,120.0,180.0,1.0,1,5740.0,0.6666666666666666,5073.333333333333,False,True
1,1,3,1,0,8750,4996.0,130.0,360.0,1.0,1,13746.0,0.3611111111111111,13384.888888888889,False,False
1,1,0,1,0,4310,0.0,130.0,360.0,1.0,1,4310.0,0.3611111111111111,3948.8888888888887,True,False
1,0,0,1,0,3069,0.0,71.0,480.0,1.0,0,3069.0,0.14791666666666667,2921.0833333333335,False,True
1,1,2,1,0,5391,0.0,130.0,360.0,1.0,1,5391.0,0.3611111111111111,5029.888888888889,False,True
1,1,0,1,0,3333,2500.0,128.0,360.0,1.0,1,5833.0,0.35555555555555557,5477.444444444444,True,False
1,0,0,1,0,5941,4232.0,296.0,360.0,1.0,1,10173.0,0.8222222222222222,9350.777777777777,True,False
0,0,0,1,0,6000,0.0,156.0,360.0,1.0,1,6000.0,0.43333333333333335,5566.666666666667,False,True
1,0,0,1,1,7167,0.0,128.0,360.0,1.0,1,7167.0,0.35555555555555557,6811.444444444444,False,True
1,1,2,1,0,4566,0.0,100.0,360.0,1.0,0,4566.0,0.2777777777777778,4288.222222222223,False,True
1,0,1,1,0,3667,0.0,113.0,180.0,1.0,1,3667.0,0.6277777777777778,3039.222222222222,False,True
1,0,0,0,0,2346,1600.0,132.0,360.0,1.0,1,3946.0,0.36666666666666664,3579.3333333333335,True,False
1,1,0,0,0,3010,3136.0,128.0,360.0,0.0,0,6146.0,0.35555555555555557,5790.444444444444,False,True
1,1,0,1,0,2333,2417.0,136.0,360.0,1.0,1,4750.0,0.37777777777777777,4372.222222222223,False,True
1,1,0,1,0,5488,0.0,125.0,360.0,1.0,1,5488.0,0.3472222222222222,5140.777777777777,False,False
1,0,3,1,0,9167,0.0,185.0,360.0,1.0,1,9167.0,0.5138888888888888,8653.111111111111,False,False
1,1,3,1,0,9504,0.0,275.0,360.0,1.0,1,9504.0,0.7638888888888888,8740.111111111111,False,False
1,1,0,1,0,2583,2115.0,120.0,360.0,1.0,1,4698.0,0.3333333333333333,4364.666666666667,False,True
1,1,2,0,0,1993,1625.0,113.0,180.0,1.0,1,3618.0,0.6277777777777778,2990.222222222222,True,False
1,1,2,1,0,3100,1400.0,113.0,360.0,1.0,1,4500.0,0.3138888888888889,4186.111111111111,False,True
1,1,2,1,0,3276,484.0,135.0,360.0,1.0,1,3760.0,0.375,3385.0,True,False
0,0,0,1,0,3180,0.0,71.0,360.0,0.0,0,3180.0,0.19722222222222222,2982.777777777778,False,True
1,1,0,1,0,3033,1459.0,95.0,360.0,1.0,1,4492.0,0.2638888888888889,4228.111111111111,False,True
1,0,0,0,0,3902,1666.0,109.0,360.0,1.0,1,5568.0,0.30277777777777776,5265.222222222223,False,False
0,0,0,1,0,1500,1800.0,103.0,360.0,0.0,0,3300.0,0.2861111111111111,3013.8888888888887,True,False
1,1,2,0,0,2889,0.0,45.0,180.0,0.0,0,2889.0,0.25,2639.0,False,True
1,0,0,0,0,2755,0.0,65.0,300.0,1.0,0,2755.0,0.21666666666666667,2538.3333333333335,False,False
1,0,0,1,0,2500,20000.0,103.0,360.0,1.0,1,22500.0,0.2861111111111111,22213.88888888889,True,False
0,0,0,0,0,1963,0.0,53.0,360.0,1.0,1,1963.0,0.14722222222222223,1815.7777777777778,True,False
0,0,0,1,1,7441,0.0,194.0,360.0,1.0,0,7441.0,0.5388888888888889,6902.111111111111,False,False
0,0,0,1,0,4547,0.0,115.0,360.0,1.0,1,4547.0,0.3194444444444444,4227.555555555556,True,False
1,1,0,0,0,2167,2400.0,115.0,360.0,1.0,1,4567.0,0.3194444444444444,4247.555555555556,False,True
0,0,0,0,0,2213,0.0,66.0,360.0,1.0,1,2213.0,0.18333333333333332,2029.6666666666667,False,False
1,1,1,1,0,8300,0.0,152.0,300.0,0.0,0,8300.0,0.5066666666666667,7793.333333333333,True,False
1,1,3,1,0,81000,0.0,360.0,360.0,0.0,0,81000.0,1.0,80000.0,False,False
0,0,1,0,1,3867,0.0,62.0,360.0,1.0,0,3867.0,0.17222222222222222,3694.777777777778,True,False
1,1,0,1,0,6256,0.0,160.0,360.0,1.0,1,6256.0,0.4444444444444444,5811.555555555556,False,True
1,1,0,0,0,6096,0.0,218.0,360.0,0.0,0,6096.0,0.6055555555555555,5490.444444444444,False,False
1,1,0,0,0,2253,2033.0,110.0,360.0,1.0,1,4286.0,0.3055555555555556,3980.4444444444443,False,False
0,1,0,0,0,2149,3237.0,178.0,360.0,0.0,0,5386.0,0.49444444444444446,4891.555555555556,True,False
0,0,0,1,0,2995,0.0,60.0,360.0,1.0,1,2995.0,0.16666666666666666,2828.3333333333335,False,True
0,0,1,1,0,2600,0.0,160.0,360.0,1.0,0,2600.0,0.4444444444444444,2155.5555555555557,False,True
1,1,2,1,1,1600,20000.0,239.0,360.0,1.0,0,21600.0,0.6638888888888889,20936.11111111111,False,True
1,1,0,1,0,1025,2773.0,112.0,360.0,1.0,1,3798.0,0.3111111111111111,3486.8888888888887,False,False
1,1,0,1,0,3246,1417.0,138.0,360.0,1.0,1,4663.0,0.38333333333333336,4279.666666666667,True,False
1,1,0,1,0,5829,0.0,138.0,360.0,1.0,1,5829.0,0.38333333333333336,5445.666666666667,False,False
0,0,0,0,0,2720,0.0,80.0,360.0,0.0,0,2720.0,0.2222222222222222,2497.777777777778,False,True
1,1,0,1,0,1820,1719.0,100.0,360.0,1.0,1,3539.0,0.2777777777777778,3261.222222222222,False,True
1,1,1,1,0,7250,1667.0,110.0,360.0,0.0,0,8917.0,0.3055555555555556,8611.444444444445,False,True
1,1,0,1,0,14880,0.0,96.0,360.0,1.0,1,14880.0,0.26666666666666666,14613.333333333334,True,False
1,1,0,1,0,2666,4300.0,121.0,360.0,1.0,1,6966.0,0.33611111111111114,6629.888888888889,False,False
0,0,1,0,0,4606,0.0,81.0,360.0,1.0,0,4606.0,0.225,4381.0,False,False
1,1,2,1,0,5935,0.0,133.0,360.0,1.0,1,5935.0,0.36944444444444446,5565.555555555556,True,False
1,1,0,1,0,2920,16.12000084,87.0,360.0,1.0,1,2936.12000084,0.24166666666666667,2694.4533341733336,False,False
1,0,0,0,0,2717,0.0,60.0,180.0,1.0,1,2717.0,0.3333333333333333,2383.6666666666665,False,True
0,0,1,1,1,8624,0.0,150.0,360.0,1.0,1,8624.0,0.4166666666666667,8207.333333333334,True,False
1,0,0,1,0,6500,0.0,105.0,360.0,0.0,0,6500.0,0.2916666666666667,6208.333333333333,False,False
1,0,0,1,0,12876,0.0,405.0,360.0,1.0,1,12876.0,1.125,11751.0,True,False
1,1,0,1,0,2425,2340.0,143.0,360.0,1.0,1,4765.0,0.3972222222222222,4367.777777777777,True,False
1,0,0,1,0,3750,0.0,100.0,360.0,1.0,1,3750.0,0.2777777777777778,3472.222222222222,False,True
0,1,0,1,0,10047,0.0,128.0,240.0,1.0,1,10047.0,0.5333333333333333,9513.666666666666,True,False
1,0,0,1,0,1926,1851.0,50.0,360.0,1.0,1,3777.0,0.1388888888888889,3638.1111111111113,True,False
1,1,0,1,0,2213,1125.0,128.0,360.0,1.0,1,3338.0,0.35555555555555557,2982.4444444444443,False,True
1,0,0,1,1,10416,0.0,187.0,360.0,0.0,0,10416.0,0.5194444444444445,9896.555555555555,False,True
0,1,0,0,1,7142,0.0,138.0,360.0,1.0,1,7142.0,0.38333333333333336,6758.666666666667,False,False
1,0,0,1,0,3660,5064.0,187.0,360.0,1.0,1,8724.0,0.5194444444444445,8204.555555555555,True,False
1,1,0,1,0,7901,1833.0,180.0,360.0,1.0,1,9734.0,0.5,9234.0,False,False
1,0,3,0,0,4707,1993.0,148.0,360.0,1.0,1,6700.0,0.4111111111111111,6288.888888888889,True,False
1,0,1,1,0,37719,0.0,152.0,360.0,1.0,1,37719.0,0.4222222222222222,37296.77777777778,True,False
1,1,0,1,0,7333,8333.0,175.0,300.0,1.0,1,15666.0,0.5833333333333334,15082.666666666666,False,False
1,1,1,1,1,3466,1210.0,130.0,360.0,1.0,1,4676.0,0.3611111111111111,4314.888888888889,False,False
1,1,2,0,0,4652,0.0,110.0,360.0,1.0,1,4652.0,0.3055555555555556,4346.444444444444,False,False
1,1,0,1,0,3539,1376.0,55.0,360.0,1.0,0,4915.0,0.1527777777777778,4762.222222222223,False,False
1,1,2,1,0,3340,1710.0,150.0,360.0,0.0,0,5050.0,0.4166666666666667,4633.333333333333,False,False
1,0,1,0,1,2769,1542.0,190.0,360.0,1.0,0,4311.0,0.5277777777777778,3783.222222222222,True,False
1,1,2,0,0,2309,1255.0,125.0,360.0,0.0,0,3564.0,0.3472222222222222,3216.777777777778,False,False
1,1,2,0,0,1958,1456.0,60.0,300.0,1.0,1,3414.0,0.2,3214.0,False,True
1,1,0,1,0,3948,1733.0,149.0,360.0,0.0,0,5681.0,0.41388888888888886,5267.111111111111,False,False
1,1,0,1,0,2483,2466.0,90.0,180.0,0.0,1,4949.0,0.5,4449.0,False,False
1,0,0,1,1,7085,0.0,84.0,360.0,1.0,1,7085.0,0.23333333333333334,6851.666666666667,True,False
1,1,2,1,0,3859,0.0,96.0,360.0,1.0,1,3859.0,0.26666666666666666,3592.3333333333335,True,False
1,1,0,1,0,4301,0.0,118.0,360.0,1.0,1,4301.0,0.3277777777777778,3973.222222222222,False,True
1,1,0,1,0,3708,2569.0,173.0,360.0,1.0,0,6277.0,0.48055555555555557,5796.444444444444,False,True
1,0,2,1,0,4354,0.0,136.0,360.0,1.0,1,4354.0,0.37777777777777777,3976.222222222222,False,False
1,1,0,1,0,8334,0.0,160.0,360.0,1.0,0,8334.0,0.4444444444444444,7889.555555555556,True,False
1,1,0,1,1,2083,4083.0,160.0,360.0,1.0,1,6166.0,0.4444444444444444,5721.555555555556,True,False
1,1,3,1,0,7740,0.0,128.0,180.0,1.0,1,7740.0,0.7111111111111111,7028.888888888889,False,True
1,1,0,1,0,3015,2188.0,153.0,360.0,1.0,1,5203.0,0.425,4778.0,False,False
0,0,1,0,0,5191,0.0,132.0,360.0,1.0,1,5191.0,0.36666666666666664,4824.333333333333,True,False
1,0,0,1,0,4166,0.0,98.0,360.0,0.0,0,4166.0,0.2722222222222222,3893.777777777778,True,False
1,0,0,1,0,6000,0.0,140.0,360.0,1.0,1,6000.0,0.3888888888888889,5611.111111111111,False,False
1,1,3,0,0,2947,1664.0,70.0,180.0,0.0,0,4611.0,0.3888888888888889,4222.111111111111,False,True
1,1,0,1,0,16692,0.0,110.0,360.0,1.0,1,16692.0,0.3055555555555556,16386.444444444445,True,False
0,1,2,0,0,210,2917.0,98.0,360.0,1.0,1,3127.0,0.2722222222222222,2854.777777777778,True,False
1,1,0,1,0,4333,2451.0,110.0,360.0,1.0,0,6784.0,0.3055555555555556,6478.444444444444,False,True
1,1,1,1,1,3450,2079.0,162.0,360.0,1.0,1,5529.0,0.45,5079.0,True,False
1,1,1,0,0,2653,1500.0,113.0,180.0,0.0,0,4153.0,0.6277777777777778,3525.222222222222,False,False
1,1,3,1,0,4691,0.0,100.0,360.0,1.0,1,4691.0,0.2777777777777778,4413.222222222223,True,False
0,0,0,1,1,2500,0.0,93.0,360.0,1.0,1,2500.0,0.25833333333333336,2241.6666666666665,False,True
1,0,2,1,0,5532,4648.0,162.0,360.0,1.0,1,10180.0,0.45,9730.0,False,False
1,1,2,1,1,16525,1014.0,150.0,360.0,1.0,1,17539.0,0.4166666666666667,17122.333333333332,False,False
1,1,2,1,0,6700,1750.0,230.0,300.0,1.0,1,8450.0,0.7666666666666667,7683.333333333333,True,False
1,1,2,1,0,2873,1872.0,132.0,360.0,0.0,0,4745.0,0.36666666666666664,4378.333333333333,True,False
1,1,1,1,1,16667,2250.0,86.0,360.0,1.0,1,18917.0,0.2388888888888889,18678.11111111111,True,False
1,1,2,1,0,2947,1603.0,128.0,360.0,1.0,0,4550.0,0.35555555555555557,4194.444444444444,False,True
0,0,0,0,0,4350,0.0,154.0,360.0,1.0,1,4350.0,0.42777777777777776,3922.222222222222,False,False
1,1,3,0,0,3095,0.0,113.0,360.0,1.0,1,3095.0,0.3138888888888889,2781.1111111111113,False,False
1,1,0,1,0,2083,3150.0,128.0,360.0,1.0,1,5233.0,0.35555555555555557,4877.444444444444,True,False
1,1,0,1,0,10833,0.0,234.0,360.0,1.0,1,10833.0,0.65,10183.0,True,False
1,1,2,1,0,8333,0.0,246.0,360.0,1.0,1,8333.0,0.6833333333333333,7649.666666666667,True,False
1,1,1,0,0,1958,2436.0,131.0,360.0,1.0,1,4394.0,0.3638888888888889,4030.1111111111113,False,False
1,0,2,1,0,3547,0.0,80.0,360.0,0.0,0,3547.0,0.2222222222222222,3324.777777777778,False,False
1,1,1,1,0,18333,0.0,500.0,360.0,1.0,0,18333.0,1.3888888888888888,16944.11111111111,False,True
1,1,2,1,1,4583,2083.0,160.0,360.0,1.0,1,6666.0,0.4444444444444444,6221.555555555556,True,False
1,0,0,1,0,2435,0.0,75.0,360.0,1.0,0,2435.0,0.20833333333333334,2226.6666666666665,False,True
1,0,0,0,0,2699,2785.0,96.0,360.0,1.0,1,5484.0,0.26666666666666666,5217.333333333333,True,False
1,1,1,0,0,5333,1131.0,186.0,360.0,1.0,1,6464.0,0.5166666666666667,5947.333333333333,False,True
1,0,0,0,0,3691,0.0,110.0,360.0,1.0,1,3691.0,0.3055555555555556,3385.4444444444443,False,False
0,0,0,0,1,17263,0.0,225.0,360.0,1.0,1,17263.0,0.625,16638.0,True,False
1,1,0,1,0,3597,2157.0,119.0,360.0,0.0,0,5754.0,0.33055555555555555,5423.444444444444,False,False
0,1,1,1,0,3326,913.0,105.0,84.0,1.0,1,4239.0,1.25,2989.0,True,False
1,1,0,0,0,2600,1700.0,107.0,360.0,1.0,1,4300.0,0.2972222222222222,4002.777777777778,False,False
1,1,0,1,0,4625,2857.0,111.0,12.0,1.0,1,7482.0,9.25,-1768.0,False,True
1,1,1,1,1,2895,0.0,95.0,360.0,1.0,1,2895.0,0.2638888888888889,2631.1111111111113,True,False
1,0,0,1,0,6283,4416.0,209.0,360.0,0.0,0,10699.0,0.5805555555555556,10118.444444444445,False,False
0,0,0,1,0,645,3683.0,113.0,480.0,1.0,1,4328.0,0.23541666666666666,4092.5833333333335,False,False
0,0,0,1,0,3159,0.0,100.0,360.0,1.0,1,3159.0,0.2777777777777778,2881.222222222222,True,False
1,1,2,1,0,4865,5624.0,208.0,360.0,1.0,1,10489.0,0.5777777777777777,9911.222222222223,True,False
1,1,1,0,0,4050,5302.0,138.0,360.0,1.0,0,9352.0,0.38333333333333336,8968.666666666666,False,False
1,1,0,0,0,3814,1483.0,124.0,300.0,1.0,1,5297.0,0.41333333333333333,4883.666666666667,True,False
1,1,2,1,0,3510,4416.0,243.0,360.0,1.0,1,7926.0,0.675,7251.0,False,False
1,1,0,1,0,20833,6667.0,480.0,360.0,1.0,1,27500.0,1.3333333333333333,26166.666666666668,False,True
1,0,0,1,0,3583,0.0,96.0,360.0,1.0,0,3583.0,0.26666666666666666,3316.3333333333335,False,True
1,1,0,1,1,2479,3013.0,188.0,360.0,1.0,1,5492.0,0.5222222222222223,4969.777777777777,False,True
0,0,1,1,0,13262,0.0,40.0,360.0,1.0,1,13262.0,0.1111111111111111,13150.888888888889,False,True
1,0,0,0,0,3598,1287.0,100.0,360.0,1.0,0,4885.0,0.2777777777777778,4607.222222222223,False,False
1,1,1,1,0,6065,2004.0,250.0,360.0,1.0,1,8069.0,0.6944444444444444,7374.555555555556,True,False
1,1,2,1,0,3283,2035.0,148.0,360.0,1.0,1,5318.0,0.4111111111111111,4906.888888888889,False,True
1,1,0,1,0,2130,6666.0,70.0,180.0,1.0,0,8796.0,0.3888888888888889,8407.111111111111,True,False
1,0,0,1,0,5815,3666.0,311.0,360.0,1.0,0,9481.0,0.8638888888888889,8617.111111111111,False,False
1,1,3,1,0,3466,3428.0,150.0,360.0,1.0,1,6894.0,0.4166666666666667,6477.333333333333,False,False
0,1,2,1,0,2031,1632.0,113.0,480.0,1.0,1,3663.0,0.23541666666666666,3427.5833333333335,True,False
1,1,0,0,0,3074,1800.0,123.0,360.0,0.0,0,4874.0,0.3416666666666667,4532.333333333333,True,False
1,0,0,1,0,4683,1915.0,185.0,360.0,1.0,0,6598.0,0.5138888888888888,6084.111111111111,True,False
0,0,0,0,0,3400,0.0,95.0,360.0,1.0,0,3400.0,0.2638888888888889,3136.1111111111113,False,False
1,1,2,0,0,2192,1742.0,45.0,360.0,1.0,1,3934.0,0.125,3809.0,True,False
1,0,0,1,0,2500,0.0,55.0,360.0,1.0,1,2500.0,0.1527777777777778,2347.222222222222,True,False
1,1,3,1,1,5677,1424.0,100.0,360.0,1.0,1,7101.0,0.2777777777777778,6823.222222222223,False,False
1,1,2,1,1,7948,7166.0,480.0,360.0,1.0,1,15114.0,1.3333333333333333,13780.666666666666,False,False
1,0,0,1,0,4680,2087.0,128.0,360.0,1.0,0,6767.0,0.35555555555555557,6411.444444444444,True,False
1,1,2,1,1,17500,0.0,400.0,360.0,1.0,1,17500.0,1.1111111111111112,16388.88888888889,False,False
1,1,0,1,0,3775,0.0,110.0,360.0,1.0,1,3775.0,0.3055555555555556,3469.4444444444443,True,False
1,1,1,0,0,5285,1430.0,161.0,360.0,0.0,1,6715.0,0.44722222222222224,6267.777777777777,True,False
1,0,1,0,0,2679,1302.0,94.0,360.0,1.0,1,3981.0,0.2611111111111111,3719.8888888888887,True,False
1,0,0,0,0,6783,0.0,130.0,360.0,1.0,1,6783.0,0.3611111111111111,6421.888888888889,True,False
1,1,0,1,0,1025,5500.0,216.0,360.0,1.0,1,6525.0,0.6,5925.0,False,False
1,1,3,1,0,4281,0.0,100.0,360.0,1.0,1,4281.0,0.2777777777777778,4003.222222222222,False,True
1,0,2,1,0,3588,0.0,110.0,360.0,0.0,0,3588.0,0.3055555555555556,3282.4444444444443,False,False
1,0,1,1,0,11250,0.0,196.0,360.0,1.0,0,11250.0,0.5444444444444444,10705.555555555555,True,False
0,0,0,0,1,18165,0.0,125.0,360.0,1.0,1,18165.0,0.3472222222222222,17817.777777777777,False,True
1,0,0,0,0,2550,2042.0,126.0,360.0,1.0,1,4592.0,0.35,4242.0,False,False
1,1,0,1,0,6133,3906.0,324.0,360.0,1.0,1,10039.0,0.9,9139.0,False,True
1,0,2,1,0,3617,0.0,107.0,360.0,1.0,1,3617.0,0.2972222222222222,3319.777777777778,True,False
1,1,0,0,0,2917,536.0,66.0,360.0,1.0,0,3453.0,0.18333333333333332,3269.6666666666665,False,False
1,1,3,1,0,6417,0.0,157.0,180.0,1.0,1,6417.0,0.8722222222222222,5544.777777777777,False,False
0,1,1,1,0,4608,2845.0,140.0,180.0,1.0,1,7453.0,0.7777777777777778,6675.222222222223,True,False
0,0,0,1,0,2138,0.0,99.0,360.0,0.0,0,2138.0,0.275,1863.0,True,False
0,0,1,1,0,3652,0.0,95.0,360.0,1.0,1,3652.0,0.2638888888888889,3388.1111111111113,True,False
1,1,1,0,0,2239,2524.0,128.0,360.0,1.0,1,4763.0,0.35555555555555557,4407.444444444444,False,True
0,1,0,0,0,3017,663.0,102.0,360.0,1.0,1,3680.0,0.2833333333333333,3396.6666666666665,True,False
1,1,0,1,0,2768,1950.0,155.0,360.0,1.0,1,4718.0,0.4305555555555556,4287.444444444444,False,False
1,0,0,0,0,3358,0.0,80.0,36.0,1.0,0,3358.0,2.2222222222222223,1135.7777777777778,True,False
1,0,0,1,0,2526,1783.0,145.0,360.0,1.0,1,4309.0,0.4027777777777778,3906.222222222222,False,False
0,0,0,1,0,5000,0.0,103.0,360.0,0.0,0,5000.0,0.2861111111111111,4713.888888888889,True,False
1,1,0,1,0,2785,2016.0,110.0,360.0,1.0,1,4801.0,0.3055555555555556,4495.444444444444,False,False
1,1,2,1,1,6633,0.0,128.0,360.0,0.0,0,6633.0,0.35555555555555557,6277.444444444444,False,False
1,1,1,0,0,2492,2375.0,128.0,360.0,1.0,1,4867.0,0.35555555555555557,4511.444444444444,False,False
1,1,1,1,0,3333,3250.0,158.0,360.0,1.0,1,6583.0,0.4388888888888889,6144.111111111111,False,True
1,1,0,0,0,2454,2333.0,181.0,360.0,0.0,0,4787.0,0.5027777777777778,4284.222222222223,False,True
1,1,0,1,0,3593,4266.0,132.0,180.0,0.0,0,7859.0,0.7333333333333333,7125.666666666667,False,False
1,1,1,1,0,5468,1032.0,26.0,360.0,1.0,1,6500.0,0.07222222222222222,6427.777777777777,True,False
0,0,0,1,0,2667,1625.0,84.0,360.0,1.0,1,4292.0,0.23333333333333334,4058.6666666666665,False,True
1,1,3,1,1,10139,0.0,260.0,360.0,1.0,1,10139.0,0.7222222222222222,9416.777777777777,True,False
1,1,0,1,0,3887,2669.0,162.0,360.0,1.0,1,6556.0,0.45,6106.0,True,False
0,1,0,1,0,4180,2306.0,182.0,360.0,1.0,1,6486.0,0.5055555555555555,5980.444444444444,True,False
1,1,2,0,0,3675,242.0,108.0,360.0,1.0,1,3917.0,0.3,3617.0,True,False
0,1,1,1,1,19484,0.0,600.0,360.0,1.0,1,19484.0,1.6666666666666667,17817.333333333332,True,False
1,1,0,1,0,5923,2054.0,211.0,360.0,1.0,1,7977.0,0.5861111111111111,7390.888888888889,False,False
1,0,0,0,1,5800,0.0,132.0,360.0,1.0,1,5800.0,0.36666666666666664,5433.333333333333,True,False
1,1,2,1,0,8799,0.0,258.0,360.0,0.0,0,8799.0,0.7166666666666667,8082.333333333333,False,True
1,1,0,0,0,4467,0.0,120.0,360.0,1.0,1,4467.0,0.3333333333333333,4133.666666666667,False,False
1,0,0,1,0,3333,0.0,70.0,360.0,1.0,1,3333.0,0.19444444444444445,3138.5555555555557,False,True
1,1,3,1,0,3400,2500.0,123.0,360.0,0.0,0,5900.0,0.3416666666666667,5558.333333333333,False,False
0,0,0,1,0,2378,0.0,9.0,360.0,1.0,0,2378.0,0.025,2353.0,False,True
1,1,0,1,0,3166,2064.0,104.0,360.0,0.0,0,5230.0,0.28888888888888886,4941.111111111111,False,True
1,1,1,1,0,3417,1750.0,186.0,360.0,1.0,1,5167.0,0.5166666666666667,4650.333333333333,False,True
1,1,0,1,0,5116,1451.0,165.0,360.0,0.0,0,6567.0,0.4583333333333333,6108.666666666667,False,True
1,1,2,1,0,16666,0.0,275.0,360.0,1.0,1,16666.0,0.7638888888888888,15902.111111111111,False,True
1,1,2,0,0,6125,1625.0,187.0,480.0,1.0,0,7750.0,0.38958333333333334,7360.416666666667,True,False
1,1,3,1,0,6406,0.0,150.0,360.0,1.0,0,6406.0,0.4166666666666667,5989.333333333333,True,False
1,1,2,1,0,3159,461.0,108.0,84.0,1.0,1,3620.0,1.2857142857142858,2334.285714285714,False,True
1,1,0,1,0,3087,2210.0,136.0,360.0,0.0,0,5297.0,0.37777777777777777,4919.222222222223,True,False
1,0,0,1,0,3229,2739.0,110.0,360.0,1.0,1,5968.0,0.3055555555555556,5662.444444444444,False,True
1,1,1,1,0,1782,2232.0,107.0,360.0,1.0,1,4014.0,0.2972222222222222,3716.777777777778,False,False
1,0,0,1,0,3182,2917.0,161.0,360.0,1.0,1,6099.0,0.44722222222222224,5651.777777777777,False,True
1,1,2,1,0,6540,0.0,205.0,360.0,1.0,1,6540.0,0.5694444444444444,5970.555555555556,True,False
1,0,0,1,0,1836,33837.0,90.0,360.0,1.0,0,35673.0,0.25,35423.0,False,True
0,1,0,1,0,3166,0.0,36.0,360.0,1.0,1,3166.0,0.1,3066.0,True,False
1,1,1,1,0,1880,0.0,61.0,360.0,1.0,0,1880.0,0.16944444444444445,1710.5555555555557,False,False
1,1,1,1,0,2787,1917.0,146.0,360.0,0.0,0,4704.0,0.40555555555555556,4298.444444444444,False,False
1,1,1,1,0,4283,3000.0,172.0,84.0,1.0,0,7283.0,2.0476190476190474,5235.380952380952,False,False
1,1,0,1,0,2297,1522.0,104.0,360.0,1.0,1,3819.0,0.28888888888888886,3530.1111111111113,False,True
0,0,0,0,0,2165,0.0,70.0,360.0,1.0,1,2165.0,0.19444444444444445,1970.5555555555557,True,False
1,0,0,1,0,4750,0.0,94.0,360.0,1.0,1,4750.0,0.2611111111111111,4488.888888888889,True,False
1,1,2,1,1,2726,0.0,106.0,360.0,0.0,0,2726.0,0.29444444444444445,2431.5555555555557,True,False
1,1,0,1,0,3000,3416.0,56.0,180.0,1.0,1,6416.0,0.3111111111111111,6104.888888888889,True,False
1,1,2,1,1,6000,0.0,205.0,240.0,1.0,0,6000.0,0.8541666666666666,5145.833333333333,True,False
1,0,3,1,1,9357,0.0,292.0,360.0,1.0,1,9357.0,0.8111111111111111,8545.888888888889,True,False
1,1,0,1,0,3859,3300.0,142.0,180.0,1.0,1,7159.0,0.7888888888888889,6370.111111111111,False,False
1,1,0,1,1,16120,0.0,260.0,360.0,1.0,1,16120.0,0.7222222222222222,15397.777777777777,False,True
1,0,0,0,0,3833,0.0,110.0,360.0,1.0,1,3833.0,0.3055555555555556,3527.4444444444443,False,False
1,1,2,0,1,6383,1000.0,187.0,360.0,1.0,0,7383.0,0.5194444444444445,6863.555555555556,False,False
1,0,0,1,0,2987,0.0,88.0,360.0,0.0,0,2987.0,0.24444444444444444,2742.5555555555557,True,False
1,1,0,1,1,9963,0.0,180.0,360.0,1.0,1,9963.0,0.5,9463.0,False,False
1,1,2,1,0,5780,0.0,192.0,360.0,1.0,1,5780.0,0.5333333333333333,5246.666666666667,False,True
0,0,3,1,0,416,41667.0,350.0,180.0,1.0,0,42083.0,1.9444444444444444,40138.555555555555,False,True
1,1,0,0,0,2894,2792.0,155.0,360.0,1.0,1,5686.0,0.4305555555555556,5255.444444444444,False,False
1,1,3,1,0,5703,0.0,128.0,360.0,1.0,1,5703.0,0.35555555555555557,5347.444444444444,False,True
1,0,0,1,0,3676,4301.0,172.0,360.0,1.0,1,7977.0,0.4777777777777778,7499.222222222223,False,False
0,1,1,1,0,12000,0.0,496.0,360.0,1.0,1,12000.0,1.3777777777777778,10622.222222222223,True,False
1,1,0,0,0,2400,3800.0,128.0,180.0,1.0,0,6200.0,0.7111111111111111,5488.888888888889,False,True
1,1,1,1,0,3400,2500.0,173.0,360.0,1.0,1,5900.0,0.48055555555555557,5419.444444444444,True,False
1,1,2,0,0,3987,1411.0,157.0,360.0,1.0,1,5398.0,0.4361111111111111,4961.888888888889,False,False
1,1,0,1,0,3232,1950.0,108.0,360.0,1.0,1,5182.0,0.3,4882.0,False,False
0,0,0,1,0,2900,0.0,71.0,360.0,1.0,1,2900.0,0.19722222222222222,2702.777777777778,False,False
1,1,3,1,0,4106,0.0,40.0,180.0,1.0,1,4106.0,0.2222222222222222,3883.777777777778,False,False
1,1,1,1,0,8072,240.0,253.0,360.0,1.0,1,8312.0,0.7027777777777777,7609.222222222223,False,True
1,1,2,1,0,7583,0.0,187.0,360.0,1.0,1,7583.0,0.5194444444444445,7063.555555555556,False,True
0,0,0,1,1,4583,0.0,133.0,360.0,0.0,0,4583.0,0.36944444444444446,4213.555555555556,True,False
